Customer_ID,Age,Gender,Annual_Income,Satisfaction_Score,Email_Opt_In,Target_Churn
1,62,Other,45.15,3,TRUE,TRUE
2,65,Male,79.51,3,FALSE,FALSE
3,18,Male,29.19,2,FALSE,TRUE
4,21,Other,79.63,5,TRUE,TRUE
5,21,Other,77.66,5,FALSE,FALSE
6,57,Male,190.43,4,FALSE,FALSE
7,27,Male,172.13,1,TRUE,FALSE
8,37,Other,88.9,3,FALSE,FALSE
9,39,Other,24.46,4,TRUE,TRUE
10,68,Other,169.59,2,TRUE,FALSE
11,54,Male,138.9,2,TRUE,FALSE
12,41,Female,47.43,2,FALSE,TRUE
13,24,Other,199.29,5,FALSE,FALSE
14,42,Female,38.04,2,FALSE,TRUE
15,42,Female,176.08,1,FALSE,TRUE
16,30,Male,72.97,3,FALSE,FALSE
17,19,Male,98.36,2,TRUE,TRUE
18,56,Female,163.18,3,TRUE,FALSE
19,57,Male,141.95,4,FALSE,FALSE
20,41,Other,188.82,5,TRUE,TRUE
21,64,Other,131.81,2,TRUE,TRUE
22,42,Female,37.61,1,FALSE,FALSE
23,35,Female,179.18,2,TRUE,TRUE
24,55,Other,158.45,2,FALSE,TRUE
25,43,Other,148.14,4,TRUE,TRUE
26,31,Female,29.67,1,TRUE,FALSE
27,26,Other,91.32,2,TRUE,TRUE
28,27,Male,50.14,1,FALSE,FALSE
29,38,Male,167.94,5,FALSE,TRUE
30,69,Female,146.1,1,FALSE,FALSE
31,34,Male,178.95,4,FALSE,TRUE
32,69,Female,193.98,1,TRUE,TRUE
33,23,Male,159.45,1,FALSE,TRUE
34,33,Male,198.96,5,TRUE,TRUE
35,65,Female,130.66,5,FALSE,TRUE
36,18,Other,26.68,3,FALSE,TRUE
37,36,Female,22.57,1,FALSE,TRUE
38,53,Female,81.58,2,TRUE,FALSE
39,42,Other,168.22,5,TRUE,FALSE
40,67,Male,175.9,5,TRUE,FALSE
41,69,Female,192.95,4,TRUE,FALSE
42,47,Female,31.72,1,TRUE,TRUE
43,37,Female,28.02,1,FALSE,FALSE
44,37,Male,184.39,1,FALSE,TRUE
45,32,Male,74.91,4,FALSE,TRUE
46,57,Other,120.44,2,FALSE,TRUE
47,50,Female,196.84,2,TRUE,FALSE
48,19,Other,92.08,2,FALSE,FALSE
49,27,Other,139.86,3,TRUE,TRUE
50,50,Female,92.16,4,FALSE,TRUE
51,49,Female,158.28,4,TRUE,FALSE
52,28,Other,114.99,3,FALSE,TRUE
53,41,Male,62.75,1,TRUE,FALSE
54,53,Other,68.84,2,FALSE,TRUE
55,29,Male,66.45,5,FALSE,FALSE
56,68,Male,115.82,2,TRUE,FALSE
57,46,Other,146.57,4,TRUE,TRUE
58,52,Female,190.87,3,TRUE,FALSE
59,18,Other,144.94,3,FALSE,FALSE
60,18,Other,160.61,4,FALSE,TRUE
61,54,Male,50.41,4,TRUE,TRUE
62,23,Other,87.33,3,TRUE,FALSE
63,56,Female,94.48,4,FALSE,FALSE
64,58,Other,143.55,2,TRUE,FALSE
65,35,Other,73.26,3,TRUE,FALSE
66,33,Male,74.59,3,TRUE,FALSE
67,22,Female,84.06,5,TRUE,TRUE
68,59,Female,165.85,2,FALSE,TRUE
69,60,Male,123.97,2,FALSE,TRUE
70,49,Female,33.55,1,FALSE,FALSE
71,19,Female,34.08,5,FALSE,FALSE
72,19,Other,86.83,4,FALSE,TRUE
73,57,Male,157.99,3,TRUE,TRUE
74,59,Female,143.96,5,FALSE,FALSE
75,53,Male,147.44,1,FALSE,FALSE
76,56,Other,158.1,1,FALSE,TRUE
77,29,Female,71.69,2,FALSE,TRUE
78,64,Male,118.69,3,TRUE,TRUE
79,36,Female,117.8,1,TRUE,FALSE
80,45,Male,153.13,4,TRUE,FALSE
81,18,Other,192.24,2,TRUE,TRUE
82,32,Other,70.04,5,TRUE,FALSE
83,53,Female,162.79,3,FALSE,TRUE
84,30,Female,138.79,2,TRUE,TRUE
85,60,Male,124.44,5,FALSE,TRUE
86,38,Female,159.48,1,TRUE,TRUE
87,29,Other,189.93,1,FALSE,TRUE
88,22,Other,26.6,2,FALSE,FALSE
89,24,Other,46.53,1,FALSE,TRUE
90,22,Female,156.13,2,TRUE,FALSE
91,65,Male,35.08,4,TRUE,FALSE
92,21,Other,112.9,1,TRUE,FALSE
93,30,Other,59.57,3,TRUE,TRUE
94,54,Female,69.37,1,TRUE,FALSE
95,58,Female,146.33,3,FALSE,TRUE
96,32,Female,25.43,2,FALSE,TRUE
97,33,Female,177.2,3,FALSE,FALSE
98,38,Male,100.01,1,TRUE,FALSE
99,53,Female,110.43,5,FALSE,TRUE
100,41,Male,117.21,2,FALSE,FALSE
101,33,Male,136.2,3,TRUE,TRUE
102,31,Other,82.07,1,FALSE,TRUE
103,39,Other,38.2,1,TRUE,FALSE
104,66,Female,77.31,4,FALSE,TRUE
105,67,Other,50.27,4,TRUE,TRUE
106,23,Male,120.1,5,FALSE,TRUE
107,59,Female,77.25,2,FALSE,TRUE
108,53,Female,192.45,4,TRUE,FALSE
109,18,Female,193.83,5,FALSE,FALSE
110,49,Female,131.62,3,TRUE,TRUE
111,23,Other,131.15,2,FALSE,FALSE
112,48,Female,197.37,2,FALSE,FALSE
113,18,Male,179.71,4,TRUE,FALSE
114,67,Female,157.71,2,FALSE,FALSE
115,68,Other,76.45,5,FALSE,FALSE
116,54,Male,85.8,2,TRUE,TRUE
117,52,Other,56.23,1,TRUE,TRUE
118,66,Other,107.69,5,FALSE,FALSE
119,47,Other,198.27,5,TRUE,FALSE
120,21,Other,184.19,2,FALSE,FALSE
121,52,Female,41.3,2,TRUE,FALSE
122,60,Other,24.53,4,TRUE,TRUE
123,31,Female,181.75,1,FALSE,FALSE
124,66,Female,116.69,4,TRUE,FALSE
125,57,Other,56.03,2,TRUE,FALSE
126,39,Male,141.26,1,FALSE,FALSE
127,27,Other,135.96,3,TRUE,TRUE
128,18,Other,41.98,4,FALSE,TRUE
129,28,Female,66.73,2,TRUE,FALSE
130,68,Female,30.81,5,FALSE,FALSE
131,61,Female,57.77,5,FALSE,FALSE
132,41,Female,43.82,2,TRUE,FALSE
133,20,Other,54.78,3,FALSE,TRUE
134,52,Male,143.38,3,FALSE,TRUE
135,53,Male,28.91,1,TRUE,TRUE
136,48,Male,38.33,5,FALSE,FALSE
137,21,Male,44.15,3,FALSE,TRUE
138,36,Female,76.98,4,TRUE,TRUE
139,64,Other,73.78,3,FALSE,FALSE
140,53,Female,65.91,4,FALSE,TRUE
141,38,Female,155.1,5,FALSE,FALSE
142,35,Other,199.64,4,FALSE,FALSE
143,68,Other,116.12,2,TRUE,TRUE
144,45,Other,189.96,4,TRUE,TRUE
145,32,Female,91.39,2,FALSE,FALSE
146,59,Male,39.2,3,FALSE,TRUE
147,19,Female,93.58,2,FALSE,TRUE
148,54,Female,73.3,5,FALSE,FALSE
149,28,Other,108.81,5,TRUE,TRUE
150,40,Female,138.27,4,TRUE,FALSE
151,61,Male,102.99,5,FALSE,FALSE
152,58,Male,188.33,1,TRUE,TRUE
153,29,Female,179.26,4,TRUE,TRUE
154,20,Other,146.36,1,FALSE,FALSE
155,69,Female,108.14,5,TRUE,TRUE
156,34,Male,43.7,3,TRUE,TRUE
157,50,Male,91.46,3,FALSE,FALSE
158,18,Female,146.79,5,TRUE,FALSE
159,56,Male,71.28,3,FALSE,FALSE
160,37,Female,38.72,3,TRUE,TRUE
161,64,Male,183.42,5,FALSE,TRUE
162,60,Other,147.63,5,TRUE,FALSE
163,69,Male,130.75,1,FALSE,FALSE
164,58,Female,162.65,2,TRUE,TRUE
165,31,Female,170.42,1,FALSE,TRUE
166,48,Other,107.02,4,TRUE,TRUE
167,42,Male,178.61,4,TRUE,FALSE
168,20,Female,184.96,3,TRUE,TRUE
169,21,Male,68.88,4,FALSE,TRUE
170,48,Other,129.36,3,TRUE,TRUE
171,52,Female,114.79,5,TRUE,FALSE
172,61,Other,116.83,2,TRUE,TRUE
173,31,Female,188.78,5,FALSE,FALSE
174,66,Male,74.93,5,TRUE,FALSE
175,58,Female,197.02,5,FALSE,FALSE
176,26,Other,182.38,3,TRUE,TRUE
177,37,Female,102.57,3,FALSE,FALSE
178,49,Other,167.14,2,FALSE,FALSE
179,26,Female,158.43,5,TRUE,TRUE
180,44,Other,142.02,2,FALSE,TRUE
181,20,Male,77.57,3,TRUE,TRUE
182,21,Female,55.36,5,TRUE,FALSE
183,62,Male,140.87,2,FALSE,TRUE
184,32,Female,171.74,4,TRUE,TRUE
185,50,Female,22.93,5,FALSE,TRUE
186,22,Male,135.7,4,TRUE,FALSE
187,21,Other,99.72,4,FALSE,FALSE
188,63,Male,181.66,1,FALSE,FALSE
189,29,Male,77.87,5,TRUE,FALSE
190,40,Female,105.35,2,TRUE,TRUE
191,31,Other,112.66,2,TRUE,TRUE
192,63,Other,45.28,2,TRUE,FALSE
193,29,Male,148.32,4,TRUE,FALSE
194,34,Male,169.49,5,TRUE,FALSE
195,42,Other,30.42,1,TRUE,FALSE
196,47,Male,72.45,3,FALSE,FALSE
197,39,Female,26.85,1,FALSE,FALSE
198,64,Female,192.18,2,FALSE,FALSE
199,43,Male,140.09,1,TRUE,FALSE
200,34,Female,193.56,4,FALSE,FALSE
201,37,Other,115.67,2,TRUE,TRUE
202,51,Male,164.37,1,TRUE,FALSE
203,58,Female,87.39,1,FALSE,TRUE
204,50,Male,83.69,3,TRUE,FALSE
205,54,Other,88.09,2,TRUE,FALSE
206,24,Female,138.42,3,FALSE,FALSE
207,39,Other,84.7,2,TRUE,FALSE
208,49,Male,182.07,3,FALSE,TRUE
209,31,Male,196.99,1,TRUE,FALSE
210,25,Female,25.48,4,FALSE,FALSE
211,42,Other,54.85,3,TRUE,FALSE
212,33,Male,40.2,2,TRUE,FALSE
213,59,Other,27.63,5,TRUE,TRUE
214,36,Other,60.99,5,TRUE,FALSE
215,58,Female,100.42,3,TRUE,FALSE
216,33,Other,170.66,1,FALSE,FALSE
217,29,Male,59.93,3,FALSE,FALSE
218,56,Male,108.91,4,TRUE,TRUE
219,65,Female,187.33,2,FALSE,TRUE
220,47,Other,140.1,5,FALSE,FALSE
221,19,Male,163.65,2,FALSE,TRUE
222,49,Male,119.18,2,TRUE,TRUE
223,62,Female,196.48,3,FALSE,TRUE
224,42,Other,125.96,1,TRUE,TRUE
225,42,Other,28.19,2,TRUE,FALSE
226,21,Other,55.64,1,FALSE,TRUE
227,36,Male,92.86,4,FALSE,FALSE
228,65,Male,128.23,4,TRUE,TRUE
229,21,Female,158.95,1,FALSE,FALSE
230,60,Male,94.36,3,FALSE,FALSE
231,30,Female,147.81,3,TRUE,FALSE
232,56,Female,162.18,3,FALSE,FALSE
233,53,Other,77.11,5,TRUE,TRUE
234,40,Female,196.27,4,FALSE,TRUE
235,23,Other,136.94,4,TRUE,FALSE
236,41,Other,178.58,2,FALSE,TRUE
237,61,Male,120.07,1,FALSE,TRUE
238,50,Male,153.49,5,TRUE,TRUE
239,29,Female,158.7,5,FALSE,FALSE
240,58,Female,183.48,2,FALSE,TRUE
241,38,Female,47.06,1,FALSE,TRUE
242,28,Female,120.49,3,TRUE,TRUE
243,61,Male,97.11,2,FALSE,FALSE
244,55,Female,186.17,3,TRUE,TRUE
245,46,Other,38.92,3,TRUE,TRUE
246,65,Male,196.86,3,TRUE,FALSE
247,58,Other,177.58,3,TRUE,TRUE
248,20,Female,33.29,4,TRUE,FALSE
249,45,Male,108.37,2,TRUE,TRUE
250,37,Other,149.16,5,TRUE,FALSE
251,43,Male,152.87,1,TRUE,TRUE
252,41,Other,183.17,4,TRUE,TRUE
253,69,Male,163.98,2,FALSE,FALSE
254,64,Other,75.97,3,FALSE,TRUE
255,38,Other,109.72,4,TRUE,TRUE
256,47,Other,146.32,1,TRUE,FALSE
257,21,Male,44.92,3,FALSE,FALSE
258,53,Other,54.92,2,TRUE,TRUE
259,57,Other,106.59,4,TRUE,TRUE
260,27,Female,73.68,3,TRUE,TRUE
261,27,Other,175.26,4,FALSE,FALSE
262,59,Female,125.53,3,TRUE,TRUE
263,41,Male,82.76,3,FALSE,TRUE
264,21,Other,172.79,3,TRUE,FALSE
265,64,Male,164.88,4,FALSE,TRUE
266,44,Female,199.7,5,FALSE,FALSE
267,68,Female,172.52,1,FALSE,TRUE
268,62,Male,94.6,4,FALSE,FALSE
269,21,Other,42.95,2,FALSE,FALSE
270,49,Male,171.32,1,FALSE,FALSE
271,27,Female,30.76,1,FALSE,TRUE
272,28,Female,83.05,3,FALSE,TRUE
273,45,Other,185.55,2,TRUE,FALSE
274,63,Female,192.94,4,FALSE,TRUE
275,25,Other,135.3,3,FALSE,FALSE
276,57,Other,143.96,2,FALSE,FALSE
277,39,Other,27.64,2,TRUE,FALSE
278,51,Female,112.61,1,TRUE,TRUE
279,62,Male,118.44,2,TRUE,FALSE
280,52,Male,81.22,5,FALSE,TRUE
281,52,Female,32.35,2,FALSE,TRUE
282,42,Male,61.2,5,FALSE,TRUE
283,51,Male,84.44,3,FALSE,FALSE
284,23,Female,98.33,4,FALSE,TRUE
285,58,Male,126.37,4,TRUE,TRUE
286,54,Female,150.03,5,TRUE,TRUE
287,18,Other,77.17,1,TRUE,TRUE
288,29,Other,79.21,4,TRUE,FALSE
289,52,Male,23.54,2,TRUE,FALSE
290,23,Female,27.36,4,TRUE,FALSE
291,34,Other,66.41,3,TRUE,TRUE
292,26,Female,153.24,2,FALSE,TRUE
293,19,Female,133.1,3,TRUE,TRUE
294,35,Female,158.56,4,TRUE,FALSE
295,66,Male,158.41,1,TRUE,TRUE
296,53,Other,174.18,2,TRUE,FALSE
297,45,Male,149.66,3,FALSE,FALSE
298,58,Female,196.22,5,FALSE,TRUE
299,54,Other,181.79,3,TRUE,TRUE
300,66,Male,125.61,5,TRUE,TRUE
301,43,Other,125.87,5,FALSE,FALSE
302,21,Male,26.17,1,TRUE,FALSE
303,57,Female,199.73,5,TRUE,FALSE
304,53,Other,43.68,2,TRUE,FALSE
305,68,Female,153.26,4,TRUE,FALSE
306,48,Female,167.78,3,TRUE,TRUE
307,47,Other,87.15,2,TRUE,TRUE
308,67,Other,55.43,5,TRUE,TRUE
309,51,Male,37.78,2,FALSE,FALSE
310,36,Male,154.75,2,FALSE,TRUE
311,35,Female,101.48,1,FALSE,FALSE
312,47,Male,148.47,5,FALSE,TRUE
313,38,Other,184.77,2,FALSE,FALSE
314,20,Other,46.39,3,TRUE,TRUE
315,23,Other,185.45,1,FALSE,FALSE
316,55,Female,94.09,2,FALSE,TRUE
317,30,Male,74.95,3,TRUE,FALSE
318,62,Male,189.75,3,TRUE,TRUE
319,20,Male,198.32,5,TRUE,FALSE
320,65,Male,55.8,2,FALSE,TRUE
321,45,Male,138.23,5,TRUE,TRUE
322,39,Male,39.17,3,TRUE,TRUE
323,57,Male,137.16,2,FALSE,FALSE
324,57,Female,168.92,5,TRUE,TRUE
325,29,Male,143.21,5,FALSE,FALSE
326,40,Male,95.12,4,FALSE,TRUE
327,48,Male,88.95,1,TRUE,TRUE
328,35,Female,90.76,3,TRUE,FALSE
329,24,Male,126.15,3,TRUE,TRUE
330,25,Female,178.68,5,TRUE,TRUE
331,36,Female,187.23,3,FALSE,FALSE
332,46,Female,29.64,3,TRUE,FALSE
333,61,Other,52.69,2,FALSE,FALSE
334,37,Male,40.2,4,TRUE,TRUE
335,67,Other,54.8,2,TRUE,FALSE
336,59,Male,82.39,2,FALSE,TRUE
337,47,Female,111.18,3,TRUE,TRUE
338,64,Female,133.3,3,FALSE,TRUE
339,39,Male,151.79,3,FALSE,FALSE
340,27,Male,180.22,2,TRUE,TRUE
341,43,Female,198.04,2,FALSE,FALSE
342,68,Male,139.31,4,FALSE,TRUE
343,50,Male,172.17,5,FALSE,FALSE
344,45,Other,160.05,2,FALSE,FALSE
345,27,Female,75.36,3,FALSE,TRUE
346,46,Other,177.62,2,TRUE,FALSE
347,61,Female,27.7,1,TRUE,FALSE
348,35,Other,20.07,2,FALSE,TRUE
349,59,Male,69.27,2,TRUE,TRUE
350,18,Male,103.18,1,TRUE,FALSE
351,40,Female,134.91,4,TRUE,TRUE
352,34,Female,38.32,2,TRUE,FALSE
353,60,Female,141.14,1,FALSE,FALSE
354,54,Other,164.33,1,TRUE,FALSE
355,48,Female,53.36,1,TRUE,TRUE
356,42,Male,94.72,4,TRUE,TRUE
357,21,Female,113.6,1,TRUE,FALSE
358,69,Male,101.33,5,TRUE,TRUE
359,26,Other,163.97,3,TRUE,TRUE
360,45,Male,192.89,5,TRUE,TRUE
361,47,Male,163.81,2,TRUE,TRUE
362,64,Other,34.04,4,FALSE,TRUE
363,41,Male,164.89,4,FALSE,FALSE
364,50,Other,31.99,4,FALSE,TRUE
365,37,Other,62.47,2,TRUE,FALSE
366,26,Other,47.56,1,FALSE,TRUE
367,25,Male,55.55,2,FALSE,FALSE
368,41,Other,115.1,1,FALSE,FALSE
369,31,Female,140.9,1,FALSE,FALSE
370,35,Male,104.66,5,TRUE,FALSE
371,18,Male,192.75,1,FALSE,TRUE
372,29,Female,63.25,2,TRUE,TRUE
373,46,Female,157.37,1,TRUE,FALSE
374,54,Female,176.63,2,TRUE,TRUE
375,43,Female,121.17,4,TRUE,FALSE
376,50,Other,102.12,5,TRUE,FALSE
377,60,Male,127.31,1,FALSE,FALSE
378,32,Male,97.19,4,TRUE,TRUE
379,40,Female,119.93,4,FALSE,FALSE
380,46,Other,95.05,2,TRUE,TRUE
381,38,Other,92.08,4,FALSE,TRUE
382,36,Female,145.16,4,TRUE,TRUE
383,22,Female,36.71,1,FALSE,FALSE
384,40,Female,49.98,3,FALSE,FALSE
385,53,Female,173.22,1,FALSE,TRUE
386,37,Other,158.79,3,FALSE,TRUE
387,25,Male,70.66,4,TRUE,TRUE
388,26,Other,87.91,3,TRUE,TRUE
389,31,Male,186.68,4,FALSE,TRUE
390,23,Male,167.25,1,FALSE,TRUE
391,18,Male,130.58,2,FALSE,FALSE
392,26,Other,59.87,3,TRUE,FALSE
393,33,Female,27.97,5,FALSE,FALSE
394,33,Female,97.63,2,TRUE,TRUE
395,29,Other,141.07,3,TRUE,TRUE
396,22,Other,169.13,4,TRUE,TRUE
397,57,Male,173.48,4,FALSE,TRUE
398,46,Other,25.9,4,FALSE,TRUE
399,63,Male,63.95,4,TRUE,TRUE
400,44,Other,81.04,4,TRUE,FALSE
401,28,Female,53.97,1,TRUE,TRUE
402,64,Female,164.54,3,FALSE,TRUE
403,67,Female,158.14,2,TRUE,TRUE
404,45,Other,113.03,3,FALSE,FALSE
405,69,Male,196.93,3,TRUE,FALSE
406,53,Female,45.93,1,FALSE,TRUE
407,59,Male,181.94,1,FALSE,FALSE
408,36,Female,40.96,4,TRUE,TRUE
409,52,Male,49.37,4,TRUE,FALSE
410,69,Other,145.32,3,FALSE,FALSE
411,48,Other,39.72,1,FALSE,FALSE
412,61,Male,121.85,2,TRUE,FALSE
413,36,Other,95.64,3,TRUE,TRUE
414,63,Male,151.13,1,TRUE,TRUE
415,41,Other,182.12,3,TRUE,TRUE
416,19,Other,158.58,1,FALSE,TRUE
417,24,Male,172.94,3,TRUE,FALSE
418,60,Female,25.93,2,TRUE,TRUE
419,66,Female,75.84,1,FALSE,FALSE
420,48,Female,112.78,5,TRUE,FALSE
421,34,Male,94.87,4,FALSE,FALSE
422,44,Female,61.63,1,TRUE,TRUE
423,53,Other,75.42,3,FALSE,FALSE
424,67,Female,190.18,4,FALSE,TRUE
425,60,Other,72.95,3,TRUE,TRUE
426,27,Female,83.7,1,FALSE,TRUE
427,62,Female,20.67,3,TRUE,TRUE
428,31,Male,172.11,1,TRUE,FALSE
429,24,Other,47.87,1,FALSE,FALSE
430,56,Other,56.75,4,TRUE,TRUE
431,57,Other,65.95,1,TRUE,FALSE
432,26,Female,179.23,2,TRUE,TRUE
433,31,Female,57.16,5,TRUE,TRUE
434,25,Male,163.55,2,TRUE,FALSE
435,34,Male,165.45,1,TRUE,FALSE
436,40,Male,186.86,5,TRUE,FALSE
437,33,Female,40.8,3,TRUE,TRUE
438,43,Male,59.11,3,FALSE,TRUE
439,26,Other,153.72,2,FALSE,TRUE
440,53,Male,55.28,4,TRUE,FALSE
441,24,Female,71.54,5,TRUE,TRUE
442,35,Male,50.01,5,TRUE,FALSE
443,25,Other,51.09,4,FALSE,TRUE
444,38,Other,106.68,3,FALSE,TRUE
445,43,Other,39.74,1,TRUE,FALSE
446,20,Female,77.91,3,FALSE,TRUE
447,34,Other,96.79,1,FALSE,TRUE
448,68,Male,24.42,3,TRUE,TRUE
449,63,Male,89.9,5,TRUE,TRUE
450,41,Other,36.94,5,FALSE,TRUE
451,42,Female,108.84,1,FALSE,FALSE
452,22,Other,168.63,3,FALSE,FALSE
453,54,Male,167.32,1,FALSE,TRUE
454,62,Male,34.48,1,TRUE,TRUE
455,67,Other,128.22,3,TRUE,FALSE
456,41,Female,170.23,1,FALSE,FALSE
457,48,Male,62.84,1,FALSE,FALSE
458,43,Female,157.15,3,TRUE,TRUE
459,38,Other,180.34,2,FALSE,TRUE
460,51,Male,165.1,2,FALSE,FALSE
461,55,Male,39.31,4,FALSE,TRUE
462,41,Male,21.63,2,TRUE,FALSE
463,45,Male,54.51,3,FALSE,FALSE
464,47,Male,68.69,1,FALSE,FALSE
465,51,Male,130.91,3,FALSE,FALSE
466,69,Other,89.17,5,FALSE,TRUE
467,69,Male,146.61,3,TRUE,TRUE
468,40,Male,83.55,2,TRUE,FALSE
469,25,Other,47.8,4,TRUE,TRUE
470,59,Male,76.28,1,FALSE,TRUE
471,67,Male,179.18,1,FALSE,FALSE
472,27,Other,192.54,2,TRUE,FALSE
473,18,Male,57.35,4,FALSE,TRUE
474,37,Male,161.92,5,FALSE,TRUE
475,54,Other,69.2,4,TRUE,TRUE
476,35,Male,179.68,4,TRUE,TRUE
477,38,Other,49.8,2,FALSE,TRUE
478,66,Male,139.87,4,TRUE,FALSE
479,21,Male,35.16,1,TRUE,FALSE
480,60,Other,195.3,4,TRUE,TRUE
481,19,Female,146.11,2,FALSE,TRUE
482,38,Other,171.53,4,TRUE,TRUE
483,54,Female,122,4,FALSE,TRUE
484,22,Female,105.82,1,FALSE,TRUE
485,34,Male,131.94,1,TRUE,FALSE
486,66,Other,115.17,2,FALSE,FALSE
487,65,Female,104.49,3,FALSE,FALSE
488,28,Female,156.7,1,TRUE,FALSE
489,63,Female,52.08,2,TRUE,FALSE
490,58,Female,50.81,4,TRUE,FALSE
491,48,Other,97.73,1,TRUE,FALSE
492,45,Male,77.73,5,FALSE,TRUE
493,61,Male,33.34,2,TRUE,FALSE
494,49,Female,172,5,FALSE,TRUE
495,38,Male,158.89,1,FALSE,TRUE
496,24,Female,117.91,5,TRUE,TRUE
497,27,Male,196.28,3,TRUE,FALSE
498,45,Male,33.07,1,FALSE,TRUE
499,65,Other,158,4,FALSE,FALSE
500,53,Female,67.95,2,TRUE,FALSE
501,37,Other,86.35,5,FALSE,TRUE
502,30,Male,59.47,3,TRUE,TRUE
503,36,Female,162.03,5,FALSE,FALSE
504,67,Female,45.96,1,FALSE,TRUE
505,28,Female,171.2,5,FALSE,FALSE
506,52,Female,139.08,2,FALSE,FALSE
507,51,Female,30.62,5,FALSE,FALSE
508,61,Female,165.98,5,FALSE,FALSE
509,21,Male,133,4,TRUE,TRUE
510,30,Female,182.9,3,TRUE,TRUE
511,54,Male,154.77,5,FALSE,TRUE
512,19,Other,121,4,TRUE,TRUE
513,67,Male,170.58,5,TRUE,TRUE
514,18,Other,70.05,5,FALSE,TRUE
515,57,Female,118.45,3,TRUE,TRUE
516,42,Male,72.85,5,FALSE,TRUE
517,54,Male,194.28,3,TRUE,FALSE
518,53,Male,60.72,5,TRUE,FALSE
519,23,Other,22.83,3,TRUE,TRUE
520,24,Female,78.65,5,FALSE,TRUE
521,21,Male,110.45,3,TRUE,TRUE
522,52,Other,25.11,1,TRUE,TRUE
523,58,Male,120.66,5,FALSE,TRUE
524,51,Male,177.37,4,TRUE,TRUE
525,46,Male,146.85,5,FALSE,TRUE
526,22,Male,132.13,5,TRUE,TRUE
527,44,Other,192.07,4,TRUE,FALSE
528,50,Female,192.49,5,TRUE,FALSE
529,63,Female,168.37,1,TRUE,FALSE
530,69,Male,129.39,4,FALSE,TRUE
531,27,Other,107.8,4,FALSE,FALSE
532,23,Female,22.4,3,TRUE,FALSE
533,51,Female,129.13,3,FALSE,FALSE
534,25,Male,198.04,4,FALSE,FALSE
535,48,Male,167.26,4,TRUE,TRUE
536,26,Other,81.31,5,TRUE,FALSE
537,38,Female,47.37,1,TRUE,TRUE
538,25,Male,161.13,3,TRUE,TRUE
539,21,Other,153.91,2,TRUE,FALSE
540,39,Other,194.07,5,FALSE,TRUE
541,45,Other,177.47,5,FALSE,FALSE
542,62,Female,120.02,1,FALSE,FALSE
543,21,Female,38.23,3,TRUE,TRUE
544,56,Female,107.03,2,FALSE,FALSE
545,38,Other,76.47,3,FALSE,FALSE
546,25,Other,112.23,3,TRUE,TRUE
547,37,Male,74.31,1,FALSE,FALSE
548,49,Male,175.13,5,TRUE,FALSE
549,18,Female,171.98,1,FALSE,FALSE
550,23,Female,76.78,3,TRUE,TRUE
551,45,Male,127.92,2,FALSE,TRUE
552,61,Female,97.43,5,TRUE,TRUE
553,48,Male,183.64,1,TRUE,TRUE
554,27,Male,53.72,4,TRUE,FALSE
555,37,Male,145.59,2,TRUE,FALSE
556,25,Other,194.67,4,TRUE,FALSE
557,39,Female,51.55,3,FALSE,FALSE
558,55,Other,56.35,2,FALSE,TRUE
559,46,Female,144.87,2,TRUE,FALSE
560,26,Other,160.25,5,FALSE,FALSE
561,61,Female,108.3,3,FALSE,TRUE
562,64,Female,129.74,1,TRUE,FALSE
563,18,Male,58.28,2,TRUE,FALSE
564,58,Other,105.79,1,TRUE,TRUE
565,69,Other,40.17,3,TRUE,TRUE
566,56,Female,77.86,3,FALSE,TRUE
567,43,Other,71.26,4,TRUE,TRUE
568,28,Female,100.03,1,FALSE,FALSE
569,69,Female,187.42,1,TRUE,TRUE
570,52,Male,52.63,5,TRUE,FALSE
571,41,Female,92.25,3,TRUE,TRUE
572,50,Other,130.81,3,FALSE,TRUE
573,37,Male,190.38,3,FALSE,FALSE
574,44,Female,43.97,3,TRUE,FALSE
575,32,Male,185.22,5,TRUE,FALSE
576,50,Male,34.59,4,TRUE,TRUE
577,69,Female,106.53,3,FALSE,FALSE
578,24,Other,101.83,2,TRUE,FALSE
579,51,Female,57.73,4,TRUE,FALSE
580,62,Female,82.54,5,FALSE,TRUE
581,68,Female,101.75,4,TRUE,TRUE
582,63,Female,175.74,4,TRUE,TRUE
583,59,Female,191.91,5,FALSE,TRUE
584,22,Other,113.41,2,TRUE,TRUE
585,47,Male,176.62,3,FALSE,FALSE
586,45,Other,129.47,2,TRUE,TRUE
587,35,Female,82.84,3,FALSE,TRUE
588,53,Male,54.95,5,TRUE,FALSE
589,20,Male,94.36,1,FALSE,TRUE
590,38,Male,114.11,5,TRUE,FALSE
591,63,Other,28,4,FALSE,TRUE
592,33,Other,46.25,3,FALSE,TRUE
593,54,Other,128.03,5,TRUE,TRUE
594,59,Female,60.5,2,FALSE,FALSE
595,22,Other,170.72,1,TRUE,FALSE
596,67,Other,78.85,2,TRUE,FALSE
597,68,Other,38.87,2,FALSE,FALSE
598,31,Male,35.04,4,TRUE,FALSE
599,48,Male,188.68,3,FALSE,FALSE
600,63,Female,41.24,3,FALSE,TRUE
601,41,Male,45.36,5,TRUE,FALSE
602,52,Female,175.28,4,FALSE,FALSE
603,53,Male,65.77,5,TRUE,FALSE
604,27,Female,139.87,3,TRUE,TRUE
605,44,Female,167.01,4,FALSE,TRUE
606,44,Male,129.29,3,FALSE,TRUE
607,40,Male,192.35,4,FALSE,FALSE
608,30,Other,147.6,1,FALSE,TRUE
609,33,Other,40.3,1,FALSE,FALSE
610,52,Female,120.51,3,FALSE,TRUE
611,44,Female,149.27,4,TRUE,FALSE
612,69,Female,164.35,5,TRUE,FALSE
613,56,Male,24.74,1,TRUE,TRUE
614,64,Male,149.4,5,FALSE,FALSE
615,34,Other,168.62,1,FALSE,TRUE
616,65,Male,154.43,3,FALSE,FALSE
617,58,Female,112.22,5,FALSE,FALSE
618,18,Other,102.44,4,TRUE,FALSE
619,28,Male,118.9,1,FALSE,FALSE
620,29,Female,146.84,4,TRUE,FALSE
621,31,Male,186.12,2,TRUE,FALSE
622,25,Male,131.07,5,FALSE,TRUE
623,48,Male,179.81,1,FALSE,FALSE
624,24,Female,146.23,4,TRUE,TRUE
625,63,Female,32.3,3,FALSE,FALSE
626,48,Male,110.15,2,TRUE,FALSE
627,33,Female,71.57,2,FALSE,TRUE
628,59,Male,71.33,4,TRUE,TRUE
629,56,Other,84.07,5,FALSE,FALSE
630,61,Female,76.65,3,FALSE,FALSE
631,36,Male,124.15,4,TRUE,FALSE
632,25,Male,143.05,4,TRUE,TRUE
633,46,Male,68.37,4,FALSE,TRUE
634,19,Other,43.36,4,FALSE,FALSE
635,59,Female,30.59,4,TRUE,FALSE
636,20,Male,123.64,4,TRUE,FALSE
637,68,Male,53.5,3,FALSE,TRUE
638,46,Male,21.66,3,FALSE,FALSE
639,32,Female,187,4,TRUE,FALSE
640,55,Other,116.69,3,FALSE,TRUE
641,45,Other,36.64,1,TRUE,TRUE
642,54,Male,171.73,1,TRUE,FALSE
643,49,Male,196.98,2,TRUE,FALSE
644,47,Female,100.75,1,FALSE,TRUE
645,68,Male,27.65,2,FALSE,TRUE
646,64,Other,41.16,3,FALSE,TRUE
647,47,Female,88.7,4,FALSE,TRUE
648,68,Female,179.39,4,TRUE,TRUE
649,51,Male,46.65,1,TRUE,TRUE
650,30,Other,168.32,3,TRUE,TRUE
651,50,Female,22.7,5,TRUE,TRUE
652,59,Female,102.33,4,TRUE,FALSE
653,34,Male,135.99,3,TRUE,FALSE
654,20,Other,30.87,4,TRUE,TRUE
655,26,Other,130.66,1,FALSE,TRUE
656,69,Female,189.99,5,TRUE,FALSE
657,28,Other,48.85,4,FALSE,FALSE
658,66,Male,151.33,3,FALSE,TRUE
659,44,Male,129.64,2,TRUE,FALSE
660,45,Female,53.32,4,FALSE,FALSE
661,19,Female,21.12,2,FALSE,TRUE
662,18,Other,21.67,3,TRUE,TRUE
663,23,Male,115.78,4,TRUE,FALSE
664,42,Other,189.7,5,FALSE,FALSE
665,52,Other,135.97,1,FALSE,FALSE
666,33,Female,148.57,1,TRUE,TRUE
667,21,Male,108.9,3,TRUE,FALSE
668,64,Male,124.74,5,TRUE,FALSE
669,55,Other,42.75,5,TRUE,FALSE
670,61,Male,177.83,1,FALSE,TRUE
671,37,Male,156.94,2,TRUE,TRUE
672,42,Other,199.68,3,FALSE,FALSE
673,24,Female,73.59,5,TRUE,TRUE
674,38,Female,60.86,4,TRUE,TRUE
675,24,Female,42.53,3,FALSE,FALSE
676,46,Other,193.56,1,TRUE,TRUE
677,69,Male,160.56,4,TRUE,TRUE
678,24,Other,49.94,3,FALSE,FALSE
679,20,Other,119.48,3,TRUE,FALSE
680,46,Female,94.48,2,TRUE,FALSE
681,46,Male,47.27,4,TRUE,TRUE
682,56,Female,49.17,1,TRUE,FALSE
683,55,Male,193.42,3,TRUE,TRUE
684,23,Male,74.89,2,FALSE,TRUE
685,63,Female,189.46,1,FALSE,TRUE
686,27,Female,33.61,4,TRUE,TRUE
687,54,Other,102.94,1,FALSE,TRUE
688,31,Male,43.33,4,TRUE,TRUE
689,39,Male,20.86,1,FALSE,FALSE
690,49,Male,119.68,4,TRUE,TRUE
691,35,Male,40.5,3,TRUE,TRUE
692,53,Male,149.96,4,TRUE,FALSE
693,63,Other,145.66,1,FALSE,TRUE
694,69,Male,51.74,5,FALSE,FALSE
695,26,Other,189.51,1,TRUE,TRUE
696,43,Female,149.79,1,FALSE,FALSE
697,39,Other,73.63,1,TRUE,FALSE
698,63,Other,147.66,5,TRUE,FALSE
699,55,Other,151.75,1,TRUE,FALSE
700,40,Female,81.6,1,FALSE,TRUE
701,34,Male,87.61,3,FALSE,TRUE
702,43,Other,84.64,2,TRUE,FALSE
703,64,Female,130.99,5,FALSE,TRUE
704,55,Other,182.07,5,TRUE,TRUE
705,19,Other,51.17,1,FALSE,TRUE
706,23,Female,177.54,5,FALSE,FALSE
707,24,Other,24.98,5,TRUE,TRUE
708,30,Other,138.86,4,TRUE,TRUE
709,44,Male,94.6,2,TRUE,TRUE
710,28,Female,162.43,5,TRUE,TRUE
711,32,Other,149.82,2,TRUE,TRUE
712,26,Female,106.42,5,FALSE,TRUE
713,25,Female,135.9,3,TRUE,TRUE
714,63,Male,110.32,2,TRUE,FALSE
715,23,Male,166.07,4,FALSE,FALSE
716,65,Male,105.7,5,TRUE,FALSE
717,60,Other,114.17,1,FALSE,TRUE
718,21,Other,65.09,5,FALSE,TRUE
719,28,Other,128.91,5,FALSE,FALSE
720,68,Other,74.52,5,TRUE,FALSE
721,45,Other,123.91,2,TRUE,TRUE
722,43,Other,50.54,5,TRUE,TRUE
723,21,Female,48.7,2,TRUE,FALSE
724,32,Female,95.07,4,TRUE,FALSE
725,36,Male,96.83,3,FALSE,TRUE
726,23,Other,68.26,3,TRUE,TRUE
727,22,Female,43.69,3,TRUE,TRUE
728,35,Male,27.06,5,FALSE,FALSE
729,23,Male,24.54,2,FALSE,FALSE
730,48,Male,68.88,3,FALSE,TRUE
731,42,Male,103.13,4,FALSE,TRUE
732,21,Female,150.72,3,FALSE,FALSE
733,23,Female,105.48,5,TRUE,FALSE
734,58,Female,182.73,1,FALSE,TRUE
735,54,Male,26.34,3,FALSE,FALSE
736,67,Male,52.52,5,FALSE,FALSE
737,42,Other,80.93,5,TRUE,TRUE
738,51,Other,123.95,1,TRUE,TRUE
739,36,Male,173.49,3,FALSE,TRUE
740,51,Female,83.04,3,FALSE,FALSE
741,32,Male,68.24,4,FALSE,TRUE
742,67,Other,31.14,5,TRUE,TRUE
743,25,Other,167.83,3,FALSE,TRUE
744,61,Female,88.34,3,TRUE,FALSE
745,64,Male,122.88,2,TRUE,FALSE
746,66,Other,197.04,1,FALSE,TRUE
747,51,Female,20.29,4,TRUE,FALSE
748,35,Other,46.18,1,TRUE,TRUE
749,47,Female,160.24,2,FALSE,TRUE
750,30,Other,164.92,2,FALSE,FALSE
751,64,Other,158.46,2,FALSE,FALSE
752,50,Male,116.66,3,TRUE,TRUE
753,52,Female,196.19,1,TRUE,FALSE
754,69,Female,91.31,1,FALSE,TRUE
755,41,Other,128.35,5,FALSE,FALSE
756,43,Male,31.41,3,TRUE,FALSE
757,64,Other,93.77,4,FALSE,TRUE
758,68,Other,150.05,4,TRUE,FALSE
759,61,Other,62.97,5,FALSE,FALSE
760,59,Female,189.89,2,FALSE,FALSE
761,64,Male,143.62,3,FALSE,TRUE
762,18,Other,71.76,1,TRUE,TRUE
763,30,Other,158.42,5,TRUE,FALSE
764,27,Other,34.97,1,TRUE,FALSE
765,36,Female,195.46,1,TRUE,TRUE
766,22,Other,28.87,1,FALSE,TRUE
767,25,Female,188.02,2,FALSE,FALSE
768,21,Female,65.51,4,FALSE,FALSE
769,66,Female,156.41,2,TRUE,TRUE
770,30,Female,20.01,2,TRUE,FALSE
771,55,Female,65.76,4,TRUE,FALSE
772,63,Male,154.84,4,TRUE,FALSE
773,66,Female,115.82,5,TRUE,FALSE
774,63,Female,40.69,2,FALSE,TRUE
775,36,Other,90.85,3,TRUE,TRUE
776,69,Male,87.6,1,TRUE,TRUE
777,67,Male,122.27,3,TRUE,TRUE
778,25,Other,140.24,3,TRUE,FALSE
779,44,Female,171.35,3,TRUE,TRUE
780,67,Male,109.5,4,TRUE,TRUE
781,64,Female,90.56,5,TRUE,FALSE
782,47,Other,45.92,2,FALSE,TRUE
783,21,Male,164.87,4,FALSE,FALSE
784,28,Female,148.41,5,FALSE,TRUE
785,38,Male,93.56,5,FALSE,TRUE
786,60,Male,113.32,5,TRUE,TRUE
787,19,Female,139.73,5,FALSE,TRUE
788,38,Female,49.67,1,TRUE,FALSE
789,34,Male,24.9,1,FALSE,TRUE
790,60,Other,77.15,4,TRUE,FALSE
791,68,Male,127.21,2,TRUE,TRUE
792,46,Other,107.59,2,FALSE,FALSE
793,44,Male,144.66,4,FALSE,FALSE
794,41,Female,167.54,2,TRUE,TRUE
795,66,Other,107.92,4,TRUE,TRUE
796,20,Other,44.17,2,FALSE,TRUE
797,56,Male,173.11,3,TRUE,FALSE
798,27,Male,123.5,1,TRUE,FALSE
799,20,Other,153.19,4,TRUE,TRUE
800,62,Female,146.84,5,TRUE,TRUE
801,59,Other,194.28,2,TRUE,TRUE
802,43,Other,73.16,4,TRUE,TRUE
803,54,Female,146.96,3,TRUE,TRUE
804,44,Female,85.82,3,TRUE,FALSE
805,22,Male,91.17,1,TRUE,TRUE
806,59,Male,61.51,4,FALSE,TRUE
807,28,Male,81.92,4,TRUE,FALSE
808,30,Female,190.69,2,TRUE,TRUE
809,58,Other,72.66,5,TRUE,FALSE
810,51,Female,64.28,3,TRUE,TRUE
811,55,Male,124.96,5,FALSE,TRUE
812,57,Other,66.45,3,FALSE,FALSE
813,50,Male,105.21,2,TRUE,FALSE
814,51,Other,170.15,1,FALSE,FALSE
815,44,Female,61.47,4,FALSE,TRUE
816,53,Male,96.8,3,TRUE,TRUE
817,43,Female,129.89,3,TRUE,FALSE
818,68,Female,118.21,4,FALSE,FALSE
819,42,Female,195.45,1,TRUE,TRUE
820,36,Other,142.47,3,FALSE,FALSE
821,38,Female,153.19,5,TRUE,FALSE
822,48,Female,194.05,2,TRUE,FALSE
823,46,Other,94.6,1,TRUE,FALSE
824,26,Female,83.97,5,FALSE,FALSE
825,36,Female,27.9,3,FALSE,FALSE
826,43,Female,53.16,1,FALSE,TRUE
827,42,Other,62.69,4,FALSE,TRUE
828,57,Other,53.03,1,TRUE,FALSE
829,60,Male,155.86,3,FALSE,TRUE
830,46,Female,116.46,2,TRUE,TRUE
831,42,Other,140.17,5,TRUE,TRUE
832,36,Female,167.68,4,TRUE,TRUE
833,21,Other,61.54,1,FALSE,FALSE
834,62,Other,78.67,2,TRUE,TRUE
835,37,Other,147.5,2,FALSE,FALSE
836,63,Male,90.7,5,TRUE,FALSE
837,18,Female,25.27,1,FALSE,TRUE
838,28,Other,98.29,1,FALSE,TRUE
839,21,Female,183.49,5,TRUE,FALSE
840,24,Other,93.62,2,TRUE,TRUE
841,45,Female,79.8,1,FALSE,FALSE
842,53,Female,198.11,4,FALSE,TRUE
843,24,Other,135.99,3,TRUE,FALSE
844,37,Female,85.88,1,TRUE,FALSE
845,52,Male,38.36,4,TRUE,FALSE
846,68,Male,161.81,2,TRUE,TRUE
847,68,Female,147.45,5,TRUE,TRUE
848,56,Female,185.94,4,TRUE,FALSE
849,38,Other,59.11,4,FALSE,TRUE
850,61,Other,40.69,1,TRUE,FALSE
851,18,Female,150.33,5,TRUE,TRUE
852,54,Female,56.61,5,FALSE,TRUE
853,63,Female,51.7,4,TRUE,TRUE
854,59,Female,77.57,4,TRUE,FALSE
855,20,Male,167.03,2,TRUE,FALSE
856,51,Female,117.12,1,FALSE,FALSE
857,30,Other,28.25,5,FALSE,TRUE
858,33,Male,103.5,3,FALSE,TRUE
859,51,Female,143.12,4,TRUE,FALSE
860,41,Other,116.91,3,TRUE,TRUE
861,30,Male,123.04,4,FALSE,TRUE
862,23,Female,60.46,5,FALSE,TRUE
863,56,Female,172.59,1,TRUE,FALSE
864,19,Female,121.05,3,TRUE,FALSE
865,28,Female,148.38,2,TRUE,TRUE
866,24,Male,196.74,5,FALSE,TRUE
867,24,Other,97.08,3,FALSE,FALSE
868,56,Female,178.59,4,FALSE,TRUE
869,56,Male,21.31,1,TRUE,TRUE
870,29,Male,26.01,4,FALSE,TRUE
871,68,Other,126.25,1,FALSE,TRUE
872,39,Male,76.06,4,TRUE,FALSE
873,68,Male,64.69,3,FALSE,FALSE
874,68,Other,70.03,2,TRUE,TRUE
875,69,Male,77.31,4,FALSE,TRUE
876,20,Male,151.21,3,FALSE,TRUE
877,30,Other,122.46,3,TRUE,FALSE
878,47,Male,162.03,4,FALSE,TRUE
879,27,Other,169.44,2,FALSE,TRUE
880,69,Female,171.73,1,TRUE,FALSE
881,26,Female,94.64,3,FALSE,TRUE
882,23,Female,95.83,3,TRUE,TRUE
883,61,Female,186.73,3,FALSE,TRUE
884,19,Male,139.12,3,TRUE,TRUE
885,61,Female,34.48,4,FALSE,FALSE
886,33,Other,117.59,1,FALSE,FALSE
887,30,Other,84.08,4,TRUE,TRUE
888,65,Other,197.74,2,FALSE,FALSE
889,30,Other,22.46,1,FALSE,TRUE
890,39,Female,130.19,5,TRUE,FALSE
891,36,Other,150.25,2,TRUE,TRUE
892,43,Female,72,4,FALSE,TRUE
893,31,Other,195.26,3,TRUE,FALSE
894,48,Other,174.72,4,FALSE,FALSE
895,46,Female,184.82,4,FALSE,TRUE
896,62,Female,23.46,4,TRUE,TRUE
897,59,Male,122.58,2,FALSE,FALSE
898,39,Male,73.04,5,FALSE,TRUE
899,24,Male,172.83,3,FALSE,TRUE
900,54,Other,133.91,3,TRUE,FALSE
901,66,Other,117,4,TRUE,FALSE
902,58,Other,40.63,4,FALSE,FALSE
903,44,Male,117.24,4,TRUE,TRUE
904,48,Male,133.74,4,FALSE,FALSE
905,23,Male,192.06,2,TRUE,TRUE
906,33,Other,125.31,2,FALSE,FALSE
907,55,Female,194.13,1,TRUE,TRUE
908,55,Male,193.09,1,TRUE,TRUE
909,67,Female,137.04,2,FALSE,TRUE
910,49,Other,111.06,4,FALSE,TRUE
911,50,Male,103.88,3,FALSE,FALSE
912,66,Other,180.27,2,FALSE,TRUE
913,34,Female,25.09,2,FALSE,FALSE
914,50,Other,40.49,1,FALSE,TRUE
915,28,Other,38.37,5,TRUE,TRUE
916,30,Male,156.25,3,FALSE,FALSE
917,47,Female,81.14,3,FALSE,TRUE
918,18,Male,134.83,5,TRUE,TRUE
919,47,Other,128.68,1,FALSE,TRUE
920,44,Other,89.45,3,FALSE,FALSE
921,57,Female,115.68,1,TRUE,FALSE
922,40,Other,136.12,1,FALSE,FALSE
923,37,Male,189.37,4,TRUE,FALSE
924,23,Female,123.61,5,FALSE,FALSE
925,54,Other,130.59,5,TRUE,TRUE
926,37,Male,32.21,4,TRUE,FALSE
927,54,Male,191.4,1,FALSE,TRUE
928,23,Female,115.05,1,FALSE,TRUE
929,46,Other,164.23,3,FALSE,FALSE
930,30,Male,29.05,5,TRUE,FALSE
931,44,Female,95.76,3,FALSE,TRUE
932,67,Male,66.26,3,TRUE,FALSE
933,37,Other,68.06,5,TRUE,TRUE
934,30,Male,162.46,3,FALSE,FALSE
935,56,Other,132.3,5,FALSE,TRUE
936,25,Male,99.15,1,FALSE,FALSE
937,34,Other,21.91,1,FALSE,FALSE
938,47,Male,193.69,2,FALSE,TRUE
939,18,Male,193.16,3,TRUE,FALSE
940,41,Female,59.16,3,TRUE,TRUE
941,33,Other,27.44,5,FALSE,TRUE
942,28,Male,115.44,3,FALSE,TRUE
943,21,Female,191.25,2,FALSE,FALSE
944,21,Male,183.87,4,TRUE,TRUE
945,34,Female,125.24,4,TRUE,FALSE
946,66,Male,74.64,1,FALSE,TRUE
947,27,Female,79.39,2,TRUE,TRUE
948,38,Other,181.62,1,TRUE,FALSE
949,55,Male,108.52,5,TRUE,FALSE
950,66,Other,43.6,4,FALSE,TRUE
951,35,Other,64.72,5,TRUE,TRUE
952,27,Female,69.82,2,TRUE,TRUE
953,62,Other,42.24,1,TRUE,TRUE
954,33,Female,103.35,1,TRUE,FALSE
955,56,Female,184.89,3,FALSE,TRUE
956,32,Female,140.38,2,TRUE,FALSE
957,51,Female,33.05,2,FALSE,FALSE
958,22,Female,20.99,1,FALSE,TRUE
959,34,Male,69.72,5,FALSE,TRUE
960,54,Male,85.28,3,FALSE,FALSE
961,25,Other,159.81,1,TRUE,TRUE
962,41,Male,194.06,4,TRUE,TRUE
963,45,Female,89.76,3,TRUE,FALSE
964,64,Female,143.6,3,FALSE,TRUE
965,25,Male,199.08,1,FALSE,TRUE
966,40,Other,154.22,4,TRUE,TRUE
967,52,Other,134.51,3,TRUE,FALSE
968,48,Male,34.05,5,FALSE,TRUE
969,34,Female,78.18,1,TRUE,TRUE
970,45,Female,184.41,5,FALSE,FALSE
971,65,Other,56.18,5,TRUE,TRUE
972,65,Male,171.85,1,FALSE,FALSE
973,68,Female,145.34,5,TRUE,TRUE
974,29,Other,85.94,2,TRUE,FALSE
975,41,Other,115.25,4,FALSE,TRUE
976,32,Male,117.71,4,TRUE,TRUE
977,57,Other,148.53,5,FALSE,FALSE
978,48,Female,112.98,4,TRUE,TRUE
979,44,Other,43.95,3,FALSE,TRUE
980,52,Other,159.22,3,FALSE,TRUE
981,35,Other,93.13,4,TRUE,TRUE
982,53,Male,193.36,2,TRUE,FALSE
983,25,Female,71.03,2,FALSE,TRUE
984,63,Other,67.35,1,FALSE,FALSE
985,66,Male,80.03,1,TRUE,FALSE
986,55,Other,123.02,3,TRUE,TRUE
987,22,Female,181.08,4,FALSE,TRUE
988,31,Other,51.73,5,TRUE,FALSE
989,55,Male,70.34,1,TRUE,TRUE
990,37,Other,124.7,4,TRUE,FALSE
991,61,Other,101.78,2,TRUE,TRUE
992,26,Other,100.52,4,FALSE,FALSE
993,50,Male,167.73,2,TRUE,TRUE
994,35,Other,186.3,1,TRUE,FALSE
995,23,Other,106.64,3,TRUE,TRUE
996,54,Male,143.72,2,TRUE,FALSE
997,19,Male,164.19,4,FALSE,TRUE
998,47,Female,113.31,1,TRUE,FALSE
999,23,Male,72.98,5,FALSE,TRUE
1000,34,Other,134.86,1,TRUE,TRUE
